{"hash":-1937795008,"obsInfo":{"id":9570,"status":"Observing","hash":693967889,"primaryBeamLocation":{"ra":18.750680923461914,"dec":42.40330123901367}},"beamInfo":[{"name":"KOI 2578.01, KIC 6922203","id":1,"targetId":161948,"ra":18.750680923461914,"dec":42.40330123901367,"active":true,"status":"ON1","freq":1663.800048828125,"hash":-261467743},{"name":"KOI 1362.01, KIC 6837146","id":2,"targetId":161296,"ra":18.77368927001953,"dec":42.39039993286133,"active":true,"status":"ON1","freq":1663.800048828125,"hash":248986045},{"name":"KOI 2102.01, KIC 7008211","id":3,"targetId":161594,"ra":18.772939682006836,"dec":42.59640121459961,"active":true,"status":"ON1","freq":1663.800048828125,"hash":1675686097}]}